id;first_name;last_name;phone_number;email;address;city;country
1;Noemy;Kassulke;FreshXXXXX;"S.K=F@JK.z)s";synergize;Helenview;American Samoa
2;Anahi;Thompson;WoodenXXXX;"b[BdK@GN.,G";mint Electronics copying;Royal Oak;Guernsey
3;Asa;Armstrong;bandwidth ;"jU4PM@AO.s-T[";Borders calculate;Hellerstad;Libyan Arab Jamahiriya
4;Terry;Murray;Account wi;"f@4{pTqa.G";Applications;Parkerborough;Ireland
5;Kristina;Kuhlman;BCEAO Spec;"x@=1.'jYF";Rubber Avon;Enochmouth;Hungary
6;Brendon;Ortiz;HDDXXXXXXX;"(c+r-@5qiQ.DVEYr";Computers Identity;Pascalebury;Zambia
7;Francisca;Adams;FrozenXXXX;"D)OXX@z_nyPg.W_";Cheese;Bergstromview;Niue
8;Orlo;Kunde;HomeXXXXXX;"/Mc@D.EDC";Tools;South Clementtown;Sierra Leone
9;Sherwood;Breitenberg;PCI ShoesX;"?@3.r.5U}";e-services Loan Concrete;Los Angeles;Paraguay
10;Adrian;Daugherty;interface ;"To@yVC5$,.X`5";Configuration 24/7 alarm;Alafaya;Thailand
